{
	"name": "Default 2",
	"steps": [
		{"duration": 70, "values": [0, 1, 1] },
		{"duration": 80, "values": [1, 0, 1] },
		{"duration": 70, "values": [0, 1, 1] },
		{"duration": 80, "values": [1, 0, 1] },
		{"duration": 70, "values": [0, 0, 1] },
		{"duration": 80, "values": [1, 0, 1] },
		{"duration": 80, "values": [1, 1, 0] },
		{"duration": 70, "values": [1, 0, 1] },
		{"duration": 80, "values": [1, 1, 0] },
		{"duration": 70, "values": [1, 0, 1] },
		{"duration": 80, "values": [1, 0, 0] },
		{"duration": 70, "values": [1, 0, 1] }
	]
}