{
	"name": "Lightbar [7 lights] 4",
	"steps": [
		{"duration": 80, "values": [1, 1, 1, 1, 1, 1, 1] },
		{"duration": 80, "values": [0, 0, 0, 0, 0, 0, 0] },
		{"duration": 80, "values": [1, 1, 1, 1, 1, 1, 1] },
		{"duration": 80, "values": [0, 0, 0, 0, 0, 0, 0] },
		{"duration": 80, "values": [1, 1, 1, 1, 1, 1, 1] },
		{"duration": 80, "values": [0, 0, 0, 0, 0, 0, 0] },
		{"duration": 80, "values": [1, 1, 1, 1, 1, 1, 1] },
		{"duration": 80, "values": [0, 0, 0, 0, 0, 0, 0] },
		{"duration": 80, "values": [1, 1, 1, 1, 1, 1, 1] },
		{"duration": 80, "values": [0, 0, 0, 0, 0, 0, 0] },
		{"duration": 80, "values": [1, 1, 1, 0, 0, 0, 0] },
		{"duration": 80, "values": [0, 0, 0, 0, 0, 0, 0] },
		{"duration": 80, "values": [1, 1, 1, 0, 0, 0, 0] },
		{"duration": 80, "values": [0, 0, 0, 0, 0, 0, 0] },
		{"duration": 80, "values": [1, 1, 1, 0, 0, 0, 0] },
		{"duration": 80, "values": [0, 0, 0, 0, 0, 0, 0] },
		{"duration": 80, "values": [1, 1, 1, 0, 0, 0, 0] },
		{"duration": 80, "values": [0, 0, 0, 0, 0, 0, 0] },
		{"duration": 80, "values": [0, 0, 0, 0, 1, 1, 1] },
		{"duration": 80, "values": [0, 0, 0, 0, 0, 0, 0] },
		{"duration": 80, "values": [0, 0, 0, 0, 1, 1, 1] },
		{"duration": 80, "values": [0, 0, 0, 0, 0, 0, 0] },
		{"duration": 80, "values": [0, 0, 0, 0, 1, 1, 1] },
		{"duration": 80, "values": [0, 0, 0, 0, 0, 0, 0] },
		{"duration": 80, "values": [0, 0, 0, 0, 1, 1, 1] },
		{"duration": 80, "values": [0, 0, 0, 0, 0, 0, 0] }
	]
}