{
   "direction" : 0,
   "flareType" : 0,
   "keybindMenu" : {
      "alt" : false,
      "ctrl" : true,
      "key" : 90,
      "shift" : false
   },
   "lightbarSettings" : {
      "isLightbar" : false,
      "ledOffColor" : {
         "a" : 255,
         "b" : 0,
         "g" : 0,
         "r" : 30
      },
      "ledOnColor" : {
         "a" : 255,
         "b" : 0,
         "g" : 255,
         "r" : 255
      },
      "object_prefix" : "lightbar-led-"
   },
   "name" : "Headlights",
   "nearClip" : 0.30000001192092896,
   "offsetId" : 0,
   "patternCycleSteps" : [
      {
         "duration" : 10000,
         "lerpColor" : false,
         "pattern" : "Default 2"
      },
      {
         "duration" : 10000,
         "lerpColor" : false,
         "pattern" : "Default 3"
      },
      {
         "duration" : 10000,
         "lerpColor" : false,
         "pattern" : "Default 4"
      },
      {
         "duration" : 10000,
         "lerpColor" : false,
         "pattern" : "Default 1"
      }
   ],
   "points" : [
      {
         "color" : {
            "a" : 255,
            "b" : 255,
            "g" : 255,
            "r" : 255
         },
         "disabledColor" : {
            "a" : 255,
            "b" : 0,
            "g" : 0,
            "r" : 0
         },
         "name" : "",
         "object" : "",
         "position" : {
            "x" : -0.83199983835220337,
            "y" : 0.0,
            "z" : 0.0
         },
         "rotateObject" : {
            "axis" : 2,
            "rotate" : false,
            "rotateAlways" : false,
            "speed" : 1.0
         },
         "shadow" : {
            "angle" : 0.0,
            "enabled" : true,
            "height" : 3.0,
            "intensity" : 0.26500070095062256,
            "position" : {
               "x" : 0.0,
               "y" : 3.4599919319152832,
               "z" : 0.0
            },
            "rotate" : false,
            "rotateOffsetAngle" : 0.0,
            "rotateOffsetPos" : 0.0,
            "textureIndex" : 2,
            "width" : 1.4599777460098267
         },
         "sirenPosition" : 0
      },
      {
         "color" : {
            "a" : 255,
            "b" : 255,
            "g" : 255,
            "r" : 255
         },
         "disabledColor" : {
            "a" : 255,
            "b" : 0,
            "g" : 0,
            "r" : 0
         },
         "name" : "",
         "object" : "",
         "position" : {
            "x" : 0.82999950647354126,
            "y" : 0.0,
            "z" : 0.0
         },
         "rotateObject" : {
            "axis" : 2,
            "rotate" : false,
            "rotateAlways" : false,
            "speed" : 1.0
         },
         "shadow" : {
            "angle" : 0.0,
            "enabled" : true,
            "height" : 3.0,
            "intensity" : 0.26500070095062256,
            "position" : {
               "x" : 0.0,
               "y" : 3.4599919319152832,
               "z" : 0.0
            },
            "rotate" : false,
            "rotateOffsetAngle" : 0.0,
            "rotateOffsetPos" : 0.0,
            "textureIndex" : 2,
            "width" : 1.4599777460098267
         },
         "sirenPosition" : 2
      }
   ],
   "position" : {
      "x" : 0.0,
      "y" : 2.569998025894165,
      "z" : 0.020001623779535294
   },
   "reflect" : false,
   "reflectionDistance" : 20.0,
   "size" : 0.31999990344047546,
   "turnOnSiren" : true,
   "type" : 0,
   "usePatternColors" : false
}
